<mxfile host="Electron" modified="2024-06-25T14:49:33.836Z" agent="Mozilla/5.0 (X11; Linux x86_64) AppleWebKit/537.36 (KHTML, like Gecko) draw.io/23.0.2 Chrome/120.0.6099.109 Electron/28.1.0 Safari/537.36" etag="At8bg8kQzUeYw7C1mo_h" version="23.0.2" type="device">
  <diagram id="C5RBs43oDa-KdzZeNtuy" name="Page-1">
    <mxGraphModel dx="658" dy="617" grid="1" gridSize="10" guides="1" tooltips="1" connect="1" arrows="1" fold="1" page="1" pageScale="1" pageWidth="827" pageHeight="1169" math="0" shadow="0">
      <root>
        <mxCell id="WIyWlLk6GJQsqaUBKTNV-0" />
        <mxCell id="WIyWlLk6GJQsqaUBKTNV-1" parent="WIyWlLk6GJQsqaUBKTNV-0" />
        <mxCell id="zkfFHV4jXpPFQw0GAbJ--17" value="Track" style="swimlane;fontStyle=0;align=center;verticalAlign=top;childLayout=stackLayout;horizontal=1;startSize=26;horizontalStack=0;resizeParent=1;resizeLast=0;collapsible=1;marginBottom=0;rounded=0;shadow=0;strokeWidth=1;" parent="WIyWlLk6GJQsqaUBKTNV-1" vertex="1">
          <mxGeometry x="350" y="200" width="160" height="178" as="geometry">
            <mxRectangle x="550" y="140" width="160" height="26" as="alternateBounds" />
          </mxGeometry>
        </mxCell>
        <mxCell id="zkfFHV4jXpPFQw0GAbJ--18" value="+ ID : string" style="text;align=left;verticalAlign=top;spacingLeft=4;spacingRight=4;overflow=hidden;rotatable=0;points=[[0,0.5],[1,0.5]];portConstraint=eastwest;" parent="zkfFHV4jXpPFQw0GAbJ--17" vertex="1">
          <mxGeometry y="26" width="160" height="26" as="geometry" />
        </mxCell>
        <mxCell id="zkfFHV4jXpPFQw0GAbJ--19" value="+ Title: string" style="text;align=left;verticalAlign=top;spacingLeft=4;spacingRight=4;overflow=hidden;rotatable=0;points=[[0,0.5],[1,0.5]];portConstraint=eastwest;rounded=0;shadow=0;html=0;" parent="zkfFHV4jXpPFQw0GAbJ--17" vertex="1">
          <mxGeometry y="52" width="160" height="26" as="geometry" />
        </mxCell>
        <mxCell id="zkfFHV4jXpPFQw0GAbJ--20" value="+ Play_count: int" style="text;align=left;verticalAlign=top;spacingLeft=4;spacingRight=4;overflow=hidden;rotatable=0;points=[[0,0.5],[1,0.5]];portConstraint=eastwest;rounded=0;shadow=0;html=0;" parent="zkfFHV4jXpPFQw0GAbJ--17" vertex="1">
          <mxGeometry y="78" width="160" height="26" as="geometry" />
        </mxCell>
        <mxCell id="zkfFHV4jXpPFQw0GAbJ--21" value="+ last_played_date" style="text;align=left;verticalAlign=top;spacingLeft=4;spacingRight=4;overflow=hidden;rotatable=0;points=[[0,0.5],[1,0.5]];portConstraint=eastwest;rounded=0;shadow=0;html=0;" parent="zkfFHV4jXpPFQw0GAbJ--17" vertex="1">
          <mxGeometry y="104" width="160" height="26" as="geometry" />
        </mxCell>
        <mxCell id="zkfFHV4jXpPFQw0GAbJ--23" value="" style="line;html=1;strokeWidth=1;align=left;verticalAlign=middle;spacingTop=-1;spacingLeft=3;spacingRight=3;rotatable=0;labelPosition=right;points=[];portConstraint=eastwest;" parent="zkfFHV4jXpPFQw0GAbJ--17" vertex="1">
          <mxGeometry y="130" width="160" height="8" as="geometry" />
        </mxCell>
        <mxCell id="YB7PUhRbRHyMcSOO0HkT-24" value="+ play(): bool&lt;br&gt;+stop(): bool" style="text;html=1;align=left;verticalAlign=middle;resizable=0;points=[];autosize=1;strokeColor=none;fillColor=none;" vertex="1" parent="zkfFHV4jXpPFQw0GAbJ--17">
          <mxGeometry y="138" width="160" height="40" as="geometry" />
        </mxCell>
        <mxCell id="dEv7ne28hRaOA3YqLouX-0" value="User" style="swimlane;fontStyle=1;align=center;verticalAlign=top;childLayout=stackLayout;horizontal=1;startSize=26;horizontalStack=0;resizeParent=1;resizeParentMax=0;resizeLast=0;collapsible=1;marginBottom=0;whiteSpace=wrap;html=1;shadow=0;" parent="WIyWlLk6GJQsqaUBKTNV-1" vertex="1">
          <mxGeometry x="180" y="20" width="160" height="140" as="geometry" />
        </mxCell>
        <mxCell id="dEv7ne28hRaOA3YqLouX-1" value="+ ID: string" style="text;strokeColor=none;fillColor=none;align=left;verticalAlign=top;spacingLeft=4;spacingRight=4;overflow=hidden;rotatable=0;points=[[0,0.5],[1,0.5]];portConstraint=eastwest;whiteSpace=wrap;html=1;" parent="dEv7ne28hRaOA3YqLouX-0" vertex="1">
          <mxGeometry y="26" width="160" height="26" as="geometry" />
        </mxCell>
        <mxCell id="dEv7ne28hRaOA3YqLouX-3" value="+ Password: string" style="text;strokeColor=none;fillColor=none;align=left;verticalAlign=top;spacingLeft=4;spacingRight=4;overflow=hidden;rotatable=0;points=[[0,0.5],[1,0.5]];portConstraint=eastwest;whiteSpace=wrap;html=1;" parent="dEv7ne28hRaOA3YqLouX-0" vertex="1">
          <mxGeometry y="52" width="160" height="30" as="geometry" />
        </mxCell>
        <mxCell id="dEv7ne28hRaOA3YqLouX-4" value="+ Email: string&lt;br&gt;" style="text;strokeColor=none;fillColor=none;align=left;verticalAlign=top;spacingLeft=4;spacingRight=4;overflow=hidden;rotatable=0;points=[[0,0.5],[1,0.5]];portConstraint=eastwest;whiteSpace=wrap;html=1;flipH=0;flipV=0;" parent="dEv7ne28hRaOA3YqLouX-0" vertex="1">
          <mxGeometry y="82" width="160" height="30" as="geometry" />
        </mxCell>
        <mxCell id="dEv7ne28hRaOA3YqLouX-6" value="+makePlaylist(track):void" style="text;strokeColor=default;fillColor=none;align=left;verticalAlign=top;spacingLeft=4;spacingRight=4;overflow=hidden;rotatable=0;points=[[0,0.5],[1,0.5]];portConstraint=eastwest;whiteSpace=wrap;html=1;flipH=0;flipV=0;" parent="dEv7ne28hRaOA3YqLouX-0" vertex="1">
          <mxGeometry y="112" width="160" height="28" as="geometry" />
        </mxCell>
        <mxCell id="YB7PUhRbRHyMcSOO0HkT-9" value="Album" style="swimlane;fontStyle=1;align=center;verticalAlign=top;childLayout=stackLayout;horizontal=1;startSize=26;horizontalStack=0;resizeParent=1;resizeParentMax=0;resizeLast=0;collapsible=1;marginBottom=0;whiteSpace=wrap;html=1;shadow=0;" vertex="1" parent="WIyWlLk6GJQsqaUBKTNV-1">
          <mxGeometry x="610" y="600" width="160" height="140" as="geometry" />
        </mxCell>
        <mxCell id="YB7PUhRbRHyMcSOO0HkT-10" value="+ ID: string" style="text;strokeColor=none;fillColor=none;align=left;verticalAlign=top;spacingLeft=4;spacingRight=4;overflow=hidden;rotatable=0;points=[[0,0.5],[1,0.5]];portConstraint=eastwest;whiteSpace=wrap;html=1;" vertex="1" parent="YB7PUhRbRHyMcSOO0HkT-9">
          <mxGeometry y="26" width="160" height="26" as="geometry" />
        </mxCell>
        <mxCell id="YB7PUhRbRHyMcSOO0HkT-11" value="+ Title: string" style="text;strokeColor=none;fillColor=none;align=left;verticalAlign=top;spacingLeft=4;spacingRight=4;overflow=hidden;rotatable=0;points=[[0,0.5],[1,0.5]];portConstraint=eastwest;whiteSpace=wrap;html=1;" vertex="1" parent="YB7PUhRbRHyMcSOO0HkT-9">
          <mxGeometry y="52" width="160" height="30" as="geometry" />
        </mxCell>
        <mxCell id="YB7PUhRbRHyMcSOO0HkT-13" value="+addTrack(track):bool&lt;br&gt;&lt;br&gt;+removeTrack(track): bool" style="text;strokeColor=default;fillColor=none;align=left;verticalAlign=top;spacingLeft=4;spacingRight=4;overflow=hidden;rotatable=0;points=[[0,0.5],[1,0.5]];portConstraint=eastwest;whiteSpace=wrap;html=1;flipH=0;flipV=0;" vertex="1" parent="YB7PUhRbRHyMcSOO0HkT-9">
          <mxGeometry y="82" width="160" height="58" as="geometry" />
        </mxCell>
        <mxCell id="YB7PUhRbRHyMcSOO0HkT-14" value="SubscriptionPlan" style="swimlane;fontStyle=1;align=center;verticalAlign=top;childLayout=stackLayout;horizontal=1;startSize=26;horizontalStack=0;resizeParent=1;resizeParentMax=0;resizeLast=0;collapsible=1;marginBottom=0;whiteSpace=wrap;html=1;" vertex="1" parent="WIyWlLk6GJQsqaUBKTNV-1">
          <mxGeometry x="460" y="80" width="180" height="80" as="geometry" />
        </mxCell>
        <mxCell id="YB7PUhRbRHyMcSOO0HkT-15" value="+ subscription_plan_id: string" style="text;strokeColor=none;fillColor=none;align=left;verticalAlign=top;spacingLeft=4;spacingRight=4;overflow=hidden;rotatable=0;points=[[0,0.5],[1,0.5]];portConstraint=eastwest;whiteSpace=wrap;html=1;" vertex="1" parent="YB7PUhRbRHyMcSOO0HkT-14">
          <mxGeometry y="26" width="180" height="26" as="geometry" />
        </mxCell>
        <mxCell id="YB7PUhRbRHyMcSOO0HkT-17" value="+ cost: int" style="text;strokeColor=none;fillColor=none;align=left;verticalAlign=top;spacingLeft=4;spacingRight=4;overflow=hidden;rotatable=0;points=[[0,0.5],[1,0.5]];portConstraint=eastwest;whiteSpace=wrap;html=1;" vertex="1" parent="YB7PUhRbRHyMcSOO0HkT-14">
          <mxGeometry y="52" width="180" height="26" as="geometry" />
        </mxCell>
        <mxCell id="YB7PUhRbRHyMcSOO0HkT-18" style="text;strokeColor=default;fillColor=none;align=left;verticalAlign=top;spacingLeft=4;spacingRight=4;overflow=hidden;rotatable=0;points=[[0,0.5],[1,0.5]];portConstraint=eastwest;whiteSpace=wrap;html=1;" vertex="1" parent="YB7PUhRbRHyMcSOO0HkT-14">
          <mxGeometry y="78" width="180" height="2" as="geometry" />
        </mxCell>
        <mxCell id="YB7PUhRbRHyMcSOO0HkT-19" value="Artist" style="swimlane;fontStyle=1;align=center;verticalAlign=top;childLayout=stackLayout;horizontal=1;startSize=26;horizontalStack=0;resizeParent=1;resizeParentMax=0;resizeLast=0;collapsible=1;marginBottom=0;whiteSpace=wrap;html=1;" vertex="1" parent="WIyWlLk6GJQsqaUBKTNV-1">
          <mxGeometry x="110" y="422" width="160" height="104" as="geometry" />
        </mxCell>
        <mxCell id="YB7PUhRbRHyMcSOO0HkT-20" value="+ID: string" style="text;strokeColor=none;fillColor=none;align=left;verticalAlign=top;spacingLeft=4;spacingRight=4;overflow=hidden;rotatable=0;points=[[0,0.5],[1,0.5]];portConstraint=eastwest;whiteSpace=wrap;html=1;" vertex="1" parent="YB7PUhRbRHyMcSOO0HkT-19">
          <mxGeometry y="26" width="160" height="26" as="geometry" />
        </mxCell>
        <mxCell id="YB7PUhRbRHyMcSOO0HkT-22" value="+Name:string" style="text;strokeColor=none;fillColor=none;align=left;verticalAlign=top;spacingLeft=4;spacingRight=4;overflow=hidden;rotatable=0;points=[[0,0.5],[1,0.5]];portConstraint=eastwest;whiteSpace=wrap;html=1;" vertex="1" parent="YB7PUhRbRHyMcSOO0HkT-19">
          <mxGeometry y="52" width="160" height="26" as="geometry" />
        </mxCell>
        <mxCell id="YB7PUhRbRHyMcSOO0HkT-56" value="+createAlbum(track): void" style="text;strokeColor=default;fillColor=none;align=left;verticalAlign=top;spacingLeft=4;spacingRight=4;overflow=hidden;rotatable=0;points=[[0,0.5],[1,0.5]];portConstraint=eastwest;whiteSpace=wrap;html=1;" vertex="1" parent="YB7PUhRbRHyMcSOO0HkT-19">
          <mxGeometry y="78" width="160" height="26" as="geometry" />
        </mxCell>
        <mxCell id="YB7PUhRbRHyMcSOO0HkT-32" value="1" style="endArrow=open;html=1;endSize=12;startArrow=diamondThin;startSize=14;startFill=0;edgeStyle=orthogonalEdgeStyle;align=left;verticalAlign=bottom;rounded=0;exitX=1;exitY=0.5;exitDx=0;exitDy=0;entryX=0;entryY=0.5;entryDx=0;entryDy=0;" edge="1" parent="YB7PUhRbRHyMcSOO0HkT-19" target="YB7PUhRbRHyMcSOO0HkT-10">
          <mxGeometry x="-1" y="3" relative="1" as="geometry">
            <mxPoint x="70" y="103.99999999999977" as="sourcePoint" />
            <mxPoint x="406" y="256.01999999999975" as="targetPoint" />
          </mxGeometry>
        </mxCell>
        <mxCell id="YB7PUhRbRHyMcSOO0HkT-25" value="1" style="endArrow=open;html=1;endSize=12;startArrow=diamondThin;startSize=14;startFill=0;edgeStyle=orthogonalEdgeStyle;align=left;verticalAlign=bottom;rounded=0;entryX=0.017;entryY=0.175;entryDx=0;entryDy=0;entryPerimeter=0;" edge="1" parent="WIyWlLk6GJQsqaUBKTNV-1" source="dEv7ne28hRaOA3YqLouX-0" target="YB7PUhRbRHyMcSOO0HkT-14">
          <mxGeometry x="-1" y="3" relative="1" as="geometry">
            <mxPoint x="343" y="94" as="sourcePoint" />
            <mxPoint x="420" y="94" as="targetPoint" />
          </mxGeometry>
        </mxCell>
        <mxCell id="YB7PUhRbRHyMcSOO0HkT-26" value="Playlist" style="swimlane;fontStyle=1;align=center;verticalAlign=top;childLayout=stackLayout;horizontal=1;startSize=26;horizontalStack=0;resizeParent=1;resizeParentMax=0;resizeLast=0;collapsible=1;marginBottom=0;whiteSpace=wrap;html=1;" vertex="1" parent="WIyWlLk6GJQsqaUBKTNV-1">
          <mxGeometry x="100" y="210" width="160" height="130" as="geometry" />
        </mxCell>
        <mxCell id="YB7PUhRbRHyMcSOO0HkT-27" value="+ID: string" style="text;strokeColor=none;fillColor=none;align=left;verticalAlign=top;spacingLeft=4;spacingRight=4;overflow=hidden;rotatable=0;points=[[0,0.5],[1,0.5]];portConstraint=eastwest;whiteSpace=wrap;html=1;" vertex="1" parent="YB7PUhRbRHyMcSOO0HkT-26">
          <mxGeometry y="26" width="160" height="26" as="geometry" />
        </mxCell>
        <mxCell id="YB7PUhRbRHyMcSOO0HkT-29" value="+Title: string" style="text;strokeColor=none;fillColor=none;align=left;verticalAlign=top;spacingLeft=4;spacingRight=4;overflow=hidden;rotatable=0;points=[[0,0.5],[1,0.5]];portConstraint=eastwest;whiteSpace=wrap;html=1;" vertex="1" parent="YB7PUhRbRHyMcSOO0HkT-26">
          <mxGeometry y="52" width="160" height="26" as="geometry" />
        </mxCell>
        <mxCell id="YB7PUhRbRHyMcSOO0HkT-30" value="+addTrack(track): bool&lt;br&gt;&lt;br&gt;+removeTrack(track): bool" style="text;strokeColor=default;fillColor=none;align=left;verticalAlign=top;spacingLeft=4;spacingRight=4;overflow=hidden;rotatable=0;points=[[0,0.5],[1,0.5]];portConstraint=eastwest;whiteSpace=wrap;html=1;" vertex="1" parent="YB7PUhRbRHyMcSOO0HkT-26">
          <mxGeometry y="78" width="160" height="52" as="geometry" />
        </mxCell>
        <mxCell id="YB7PUhRbRHyMcSOO0HkT-31" value="1" style="endArrow=open;html=1;endSize=12;startArrow=diamondThin;startSize=14;startFill=0;edgeStyle=orthogonalEdgeStyle;align=left;verticalAlign=bottom;rounded=0;exitX=0.5;exitY=0;exitDx=0;exitDy=0;entryX=-0.037;entryY=0.375;entryDx=0;entryDy=0;entryPerimeter=0;" edge="1" parent="WIyWlLk6GJQsqaUBKTNV-1" source="YB7PUhRbRHyMcSOO0HkT-19" target="YB7PUhRbRHyMcSOO0HkT-24">
          <mxGeometry x="-1" y="3" relative="1" as="geometry">
            <mxPoint x="300" y="400" as="sourcePoint" />
            <mxPoint x="460" y="400" as="targetPoint" />
          </mxGeometry>
        </mxCell>
        <mxCell id="YB7PUhRbRHyMcSOO0HkT-33" value="Use" style="endArrow=open;endSize=12;dashed=1;html=1;rounded=0;exitX=1.019;exitY=0.162;exitDx=0;exitDy=0;exitPerimeter=0;" edge="1" parent="WIyWlLk6GJQsqaUBKTNV-1" source="YB7PUhRbRHyMcSOO0HkT-26" target="zkfFHV4jXpPFQw0GAbJ--17">
          <mxGeometry width="160" relative="1" as="geometry">
            <mxPoint x="300" y="280" as="sourcePoint" />
            <mxPoint x="460" y="280" as="targetPoint" />
          </mxGeometry>
        </mxCell>
        <mxCell id="YB7PUhRbRHyMcSOO0HkT-34" value="Use" style="endArrow=open;endSize=12;dashed=1;html=1;rounded=0;" edge="1" parent="WIyWlLk6GJQsqaUBKTNV-1" source="YB7PUhRbRHyMcSOO0HkT-9" target="YB7PUhRbRHyMcSOO0HkT-24">
          <mxGeometry width="160" relative="1" as="geometry">
            <mxPoint x="300" y="400" as="sourcePoint" />
            <mxPoint x="460" y="400" as="targetPoint" />
            <Array as="points">
              <mxPoint x="520" y="340" />
            </Array>
          </mxGeometry>
        </mxCell>
        <mxCell id="YB7PUhRbRHyMcSOO0HkT-36" value="Admin" style="swimlane;fontStyle=1;align=center;verticalAlign=top;childLayout=stackLayout;horizontal=1;startSize=26;horizontalStack=0;resizeParent=1;resizeParentMax=0;resizeLast=0;collapsible=1;marginBottom=0;whiteSpace=wrap;html=1;" vertex="1" parent="WIyWlLk6GJQsqaUBKTNV-1">
          <mxGeometry x="600" y="264" width="220" height="84" as="geometry" />
        </mxCell>
        <mxCell id="YB7PUhRbRHyMcSOO0HkT-53" style="text;strokeColor=default;fillColor=none;align=left;verticalAlign=top;spacingLeft=4;spacingRight=4;overflow=hidden;rotatable=0;points=[[0,0.5],[1,0.5]];portConstraint=eastwest;whiteSpace=wrap;html=1;" vertex="1" parent="YB7PUhRbRHyMcSOO0HkT-36">
          <mxGeometry y="26" width="220" height="4" as="geometry" />
        </mxCell>
        <mxCell id="YB7PUhRbRHyMcSOO0HkT-39" value="+recordTrack(track): i0nt&lt;br&gt;&lt;br&gt;+manageSubscriptionPlan():void" style="text;strokeColor=none;fillColor=none;align=left;verticalAlign=top;spacingLeft=4;spacingRight=4;overflow=hidden;rotatable=0;points=[[0,0.5],[1,0.5]];portConstraint=eastwest;whiteSpace=wrap;html=1;" vertex="1" parent="YB7PUhRbRHyMcSOO0HkT-36">
          <mxGeometry y="30" width="220" height="54" as="geometry" />
        </mxCell>
        <mxCell id="YB7PUhRbRHyMcSOO0HkT-40" value="Use" style="endArrow=open;endSize=12;dashed=1;html=1;rounded=0;" edge="1" parent="WIyWlLk6GJQsqaUBKTNV-1" source="YB7PUhRbRHyMcSOO0HkT-36" target="zkfFHV4jXpPFQw0GAbJ--17">
          <mxGeometry width="160" relative="1" as="geometry">
            <mxPoint x="550" y="280" as="sourcePoint" />
            <mxPoint x="710" y="280" as="targetPoint" />
          </mxGeometry>
        </mxCell>
        <mxCell id="YB7PUhRbRHyMcSOO0HkT-41" value="Role" style="swimlane;fontStyle=0;childLayout=stackLayout;horizontal=1;startSize=26;fillColor=none;horizontalStack=0;resizeParent=1;resizeParentMax=0;resizeLast=0;collapsible=1;marginBottom=0;whiteSpace=wrap;html=1;" vertex="1" parent="WIyWlLk6GJQsqaUBKTNV-1">
          <mxGeometry x="370" y="500" width="140" height="78" as="geometry" />
        </mxCell>
        <mxCell id="YB7PUhRbRHyMcSOO0HkT-42" value="+role_id: string" style="text;strokeColor=none;fillColor=none;align=left;verticalAlign=top;spacingLeft=4;spacingRight=4;overflow=hidden;rotatable=0;points=[[0,0.5],[1,0.5]];portConstraint=eastwest;whiteSpace=wrap;html=1;" vertex="1" parent="YB7PUhRbRHyMcSOO0HkT-41">
          <mxGeometry y="26" width="140" height="26" as="geometry" />
        </mxCell>
        <mxCell id="YB7PUhRbRHyMcSOO0HkT-43" value="+Name: string" style="text;strokeColor=none;fillColor=none;align=left;verticalAlign=top;spacingLeft=4;spacingRight=4;overflow=hidden;rotatable=0;points=[[0,0.5],[1,0.5]];portConstraint=eastwest;whiteSpace=wrap;html=1;" vertex="1" parent="YB7PUhRbRHyMcSOO0HkT-41">
          <mxGeometry y="52" width="140" height="26" as="geometry" />
        </mxCell>
        <mxCell id="YB7PUhRbRHyMcSOO0HkT-46" value="1" style="endArrow=open;html=1;endSize=12;startArrow=diamondThin;startSize=14;startFill=0;edgeStyle=orthogonalEdgeStyle;align=left;verticalAlign=bottom;rounded=0;" edge="1" parent="WIyWlLk6GJQsqaUBKTNV-1" source="YB7PUhRbRHyMcSOO0HkT-41" target="YB7PUhRbRHyMcSOO0HkT-19">
          <mxGeometry x="-1" y="3" relative="1" as="geometry">
            <mxPoint x="330" y="520" as="sourcePoint" />
            <mxPoint x="490" y="520" as="targetPoint" />
          </mxGeometry>
        </mxCell>
        <mxCell id="YB7PUhRbRHyMcSOO0HkT-54" value="Extends" style="endArrow=block;endSize=16;endFill=0;html=1;rounded=0;" edge="1" parent="WIyWlLk6GJQsqaUBKTNV-1" source="YB7PUhRbRHyMcSOO0HkT-36" target="YB7PUhRbRHyMcSOO0HkT-14">
          <mxGeometry width="160" relative="1" as="geometry">
            <mxPoint x="570" y="240" as="sourcePoint" />
            <mxPoint x="730" y="240" as="targetPoint" />
          </mxGeometry>
        </mxCell>
        <mxCell id="YB7PUhRbRHyMcSOO0HkT-55" value="1" style="endArrow=open;html=1;endSize=12;startArrow=diamondThin;startSize=14;startFill=0;edgeStyle=orthogonalEdgeStyle;align=left;verticalAlign=bottom;rounded=0;exitX=0.5;exitY=0;exitDx=0;exitDy=0;" edge="1" parent="WIyWlLk6GJQsqaUBKTNV-1" source="YB7PUhRbRHyMcSOO0HkT-26" target="dEv7ne28hRaOA3YqLouX-0">
          <mxGeometry x="-1" y="3" relative="1" as="geometry">
            <mxPoint x="360" y="350" as="sourcePoint" />
            <mxPoint x="520" y="350" as="targetPoint" />
          </mxGeometry>
        </mxCell>
        <mxCell id="YB7PUhRbRHyMcSOO0HkT-58" value="" style="endArrow=block;startArrow=block;endFill=1;startFill=1;html=1;rounded=0;" edge="1" parent="WIyWlLk6GJQsqaUBKTNV-1" source="YB7PUhRbRHyMcSOO0HkT-24" target="YB7PUhRbRHyMcSOO0HkT-41">
          <mxGeometry width="160" relative="1" as="geometry">
            <mxPoint x="360" y="440" as="sourcePoint" />
            <mxPoint x="520" y="440" as="targetPoint" />
          </mxGeometry>
        </mxCell>
      </root>
    </mxGraphModel>
  </diagram>
</mxfile>
