<?xml version="1.0" encoding="UTF-8"?>
<mxfile host="Electron" modified="2024-06-21T02:51:23.187Z" agent="Mozilla/5.0 (X11; Linux x86_64) AppleWebKit/537.36 (KHTML, like Gecko) draw.io/23.0.2 Chrome/120.0.6099.109 Electron/28.1.0 Safari/537.36" etag="aN2j5dVvCJEGTZ3OZ9lR" version="23.0.2" type="device">
  <diagram name="Page-1" id="TalcUbA6FsfqFFncNZhG">
    <mxGraphModel dx="865" dy="642" grid="1" gridSize="10" guides="1" tooltips="1" connect="1" arrows="1" fold="1" page="1" pageScale="1" pageWidth="850" pageHeight="1100" math="0" shadow="0">
      <root>
        <mxCell id="0" />
        <mxCell id="1" parent="0" />
        <mxCell id="8auijxHB_u8euxSJo1VX-4" value="" style="rounded=0;whiteSpace=wrap;html=1;fillColor=#D4E1F5;" vertex="1" parent="1">
          <mxGeometry x="180" y="80" width="470" height="480" as="geometry" />
        </mxCell>
        <mxCell id="8auijxHB_u8euxSJo1VX-1" value="User" style="shape=umlActor;verticalLabelPosition=bottom;verticalAlign=top;html=1;outlineConnect=0;" vertex="1" parent="1">
          <mxGeometry x="90" y="150" width="30" height="60" as="geometry" />
        </mxCell>
        <mxCell id="8auijxHB_u8euxSJo1VX-2" value="Artist" style="shape=umlActor;verticalLabelPosition=bottom;verticalAlign=top;html=1;outlineConnect=0;" vertex="1" parent="1">
          <mxGeometry x="730" y="190" width="30" height="60" as="geometry" />
        </mxCell>
        <mxCell id="8auijxHB_u8euxSJo1VX-5" value="Create playlist" style="ellipse;whiteSpace=wrap;html=1;" vertex="1" parent="1">
          <mxGeometry x="222.5" y="120" width="120" height="60" as="geometry" />
        </mxCell>
        <mxCell id="8auijxHB_u8euxSJo1VX-6" value="Music Streaming System" style="text;html=1;align=center;verticalAlign=middle;resizable=0;points=[];autosize=1;strokeColor=none;fillColor=none;" vertex="1" parent="1">
          <mxGeometry x="345" y="90" width="160" height="30" as="geometry" />
        </mxCell>
        <mxCell id="8auijxHB_u8euxSJo1VX-7" value="Play track" style="ellipse;whiteSpace=wrap;html=1;" vertex="1" parent="1">
          <mxGeometry x="355" y="220" width="120" height="60" as="geometry" />
        </mxCell>
        <mxCell id="8auijxHB_u8euxSJo1VX-8" value="Add album" style="ellipse;whiteSpace=wrap;html=1;" vertex="1" parent="1">
          <mxGeometry x="500" y="120" width="120" height="60" as="geometry" />
        </mxCell>
        <mxCell id="8auijxHB_u8euxSJo1VX-12" value="" style="endArrow=none;html=1;rounded=0;entryX=0;entryY=0.5;entryDx=0;entryDy=0;" edge="1" parent="1" source="8auijxHB_u8euxSJo1VX-1" target="8auijxHB_u8euxSJo1VX-5">
          <mxGeometry width="50" height="50" relative="1" as="geometry">
            <mxPoint x="460" y="340" as="sourcePoint" />
            <mxPoint x="510" y="290" as="targetPoint" />
          </mxGeometry>
        </mxCell>
        <mxCell id="8auijxHB_u8euxSJo1VX-14" value="&amp;lt;include&amp;gt;" style="endArrow=open;endSize=12;dashed=1;html=1;rounded=0;" edge="1" parent="1" source="8auijxHB_u8euxSJo1VX-7" target="8auijxHB_u8euxSJo1VX-5">
          <mxGeometry width="160" relative="1" as="geometry">
            <mxPoint x="290" y="170" as="sourcePoint" />
            <mxPoint x="560" y="320" as="targetPoint" />
          </mxGeometry>
        </mxCell>
        <mxCell id="8auijxHB_u8euxSJo1VX-15" value="&amp;lt;include&amp;gt;" style="endArrow=open;endSize=12;dashed=1;html=1;rounded=0;" edge="1" parent="1" source="8auijxHB_u8euxSJo1VX-7" target="8auijxHB_u8euxSJo1VX-8">
          <mxGeometry width="160" relative="1" as="geometry">
            <mxPoint x="340" y="260" as="sourcePoint" />
            <mxPoint x="560" y="320" as="targetPoint" />
          </mxGeometry>
        </mxCell>
        <mxCell id="8auijxHB_u8euxSJo1VX-16" value="Admin" style="shape=umlActor;verticalLabelPosition=bottom;verticalAlign=top;html=1;" vertex="1" parent="1">
          <mxGeometry x="90" y="290" width="30" height="60" as="geometry" />
        </mxCell>
        <mxCell id="8auijxHB_u8euxSJo1VX-19" value="Manage subscription plan" style="ellipse;whiteSpace=wrap;html=1;" vertex="1" parent="1">
          <mxGeometry x="215" y="270" width="135" height="60" as="geometry" />
        </mxCell>
        <mxCell id="8auijxHB_u8euxSJo1VX-21" value="" style="endArrow=none;html=1;rounded=0;entryX=0;entryY=0.5;entryDx=0;entryDy=0;" edge="1" parent="1" source="8auijxHB_u8euxSJo1VX-16" target="8auijxHB_u8euxSJo1VX-19">
          <mxGeometry width="50" height="50" relative="1" as="geometry">
            <mxPoint x="460" y="340" as="sourcePoint" />
            <mxPoint x="510" y="290" as="targetPoint" />
          </mxGeometry>
        </mxCell>
        <mxCell id="8auijxHB_u8euxSJo1VX-22" value="" style="endArrow=none;html=1;rounded=0;entryX=1;entryY=0.5;entryDx=0;entryDy=0;exitX=0.5;exitY=0.5;exitDx=0;exitDy=0;exitPerimeter=0;" edge="1" parent="1" source="8auijxHB_u8euxSJo1VX-2" target="8auijxHB_u8euxSJo1VX-8">
          <mxGeometry width="50" height="50" relative="1" as="geometry">
            <mxPoint x="380" y="340" as="sourcePoint" />
            <mxPoint x="430" y="290" as="targetPoint" />
          </mxGeometry>
        </mxCell>
        <mxCell id="8auijxHB_u8euxSJo1VX-23" value="Extends" style="endArrow=block;endSize=16;endFill=0;html=1;rounded=0;entryX=0.5;entryY=1;entryDx=0;entryDy=0;" edge="1" parent="1" source="8auijxHB_u8euxSJo1VX-19" target="8auijxHB_u8euxSJo1VX-5">
          <mxGeometry width="160" relative="1" as="geometry">
            <mxPoint x="320" y="320" as="sourcePoint" />
            <mxPoint x="480" y="320" as="targetPoint" />
          </mxGeometry>
        </mxCell>
        <mxCell id="8auijxHB_u8euxSJo1VX-24" value="Record play history" style="ellipse;whiteSpace=wrap;html=1;" vertex="1" parent="1">
          <mxGeometry x="222.5" y="380" width="130" height="65" as="geometry" />
        </mxCell>
        <mxCell id="8auijxHB_u8euxSJo1VX-25" value="" style="endArrow=none;html=1;rounded=0;entryX=0;entryY=0.5;entryDx=0;entryDy=0;" edge="1" parent="1" source="8auijxHB_u8euxSJo1VX-16" target="8auijxHB_u8euxSJo1VX-24">
          <mxGeometry width="50" height="50" relative="1" as="geometry">
            <mxPoint x="380" y="340" as="sourcePoint" />
            <mxPoint x="430" y="290" as="targetPoint" />
          </mxGeometry>
        </mxCell>
        <mxCell id="8auijxHB_u8euxSJo1VX-26" value="&amp;lt;include&amp;gt;" style="endArrow=open;endSize=12;dashed=1;html=1;rounded=0;entryX=1;entryY=0;entryDx=0;entryDy=0;exitX=0.5;exitY=1;exitDx=0;exitDy=0;" edge="1" parent="1" source="8auijxHB_u8euxSJo1VX-7" target="8auijxHB_u8euxSJo1VX-24">
          <mxGeometry width="160" relative="1" as="geometry">
            <mxPoint x="320" y="320" as="sourcePoint" />
            <mxPoint x="480" y="320" as="targetPoint" />
          </mxGeometry>
        </mxCell>
        <mxCell id="8auijxHB_u8euxSJo1VX-27" value="Provide track" style="ellipse;whiteSpace=wrap;html=1;" vertex="1" parent="1">
          <mxGeometry x="490" y="280" width="140" height="70" as="geometry" />
        </mxCell>
        <mxCell id="8auijxHB_u8euxSJo1VX-28" value="" style="endArrow=none;html=1;rounded=0;exitX=1;exitY=0.5;exitDx=0;exitDy=0;" edge="1" parent="1" source="8auijxHB_u8euxSJo1VX-27" target="8auijxHB_u8euxSJo1VX-2">
          <mxGeometry width="50" height="50" relative="1" as="geometry">
            <mxPoint x="380" y="340" as="sourcePoint" />
            <mxPoint x="430" y="290" as="targetPoint" />
          </mxGeometry>
        </mxCell>
        <mxCell id="8auijxHB_u8euxSJo1VX-29" value="&amp;lt;include&amp;gt;" style="endArrow=open;endSize=12;dashed=1;html=1;rounded=0;entryX=0.5;entryY=1;entryDx=0;entryDy=0;" edge="1" parent="1" source="8auijxHB_u8euxSJo1VX-27" target="8auijxHB_u8euxSJo1VX-8">
          <mxGeometry width="160" relative="1" as="geometry">
            <mxPoint x="320" y="320" as="sourcePoint" />
            <mxPoint x="480" y="320" as="targetPoint" />
          </mxGeometry>
        </mxCell>
      </root>
    </mxGraphModel>
  </diagram>
</mxfile>
