<?xml version="1.0" encoding="UTF-8"?>
<mxfile host="Electron" modified="2024-06-25T15:31:35.762Z" agent="Mozilla/5.0 (X11; Linux x86_64) AppleWebKit/537.36 (KHTML, like Gecko) draw.io/23.0.2 Chrome/120.0.6099.109 Electron/28.1.0 Safari/537.36" etag="ecWJv7Z7RBqfegDdiukQ" version="23.0.2" type="device">
  <diagram name="Page-1" id="2YBvvXClWsGukQMizWep">
    <mxGraphModel dx="836" dy="686" grid="1" gridSize="10" guides="1" tooltips="1" connect="1" arrows="1" fold="1" page="1" pageScale="1" pageWidth="850" pageHeight="1100" math="0" shadow="0">
      <root>
        <mxCell id="0" />
        <mxCell id="1" parent="0" />
        <mxCell id="aM9ryv3xv72pqoxQDRHE-1" value="User" style="shape=umlLifeline;perimeter=lifelinePerimeter;whiteSpace=wrap;html=1;container=0;dropTarget=0;collapsible=0;recursiveResize=0;outlineConnect=0;portConstraint=eastwest;newEdgeStyle={&quot;edgeStyle&quot;:&quot;elbowEdgeStyle&quot;,&quot;elbow&quot;:&quot;vertical&quot;,&quot;curved&quot;:0,&quot;rounded&quot;:0};" parent="1" vertex="1">
          <mxGeometry x="40" y="40" width="100" height="370" as="geometry" />
        </mxCell>
        <mxCell id="aM9ryv3xv72pqoxQDRHE-2" value="" style="html=1;points=[];perimeter=orthogonalPerimeter;outlineConnect=0;targetShapes=umlLifeline;portConstraint=eastwest;newEdgeStyle={&quot;edgeStyle&quot;:&quot;elbowEdgeStyle&quot;,&quot;elbow&quot;:&quot;vertical&quot;,&quot;curved&quot;:0,&quot;rounded&quot;:0};" parent="aM9ryv3xv72pqoxQDRHE-1" vertex="1">
          <mxGeometry x="45" y="70" width="10" height="260" as="geometry" />
        </mxCell>
        <mxCell id="aM9ryv3xv72pqoxQDRHE-5" value="Platform" style="shape=umlLifeline;perimeter=lifelinePerimeter;whiteSpace=wrap;html=1;container=0;dropTarget=0;collapsible=0;recursiveResize=0;outlineConnect=0;portConstraint=eastwest;newEdgeStyle={&quot;edgeStyle&quot;:&quot;elbowEdgeStyle&quot;,&quot;elbow&quot;:&quot;vertical&quot;,&quot;curved&quot;:0,&quot;rounded&quot;:0};" parent="1" vertex="1">
          <mxGeometry x="220" y="40" width="100" height="380" as="geometry" />
        </mxCell>
        <mxCell id="aM9ryv3xv72pqoxQDRHE-6" value="" style="html=1;points=[];perimeter=orthogonalPerimeter;outlineConnect=0;targetShapes=umlLifeline;portConstraint=eastwest;newEdgeStyle={&quot;edgeStyle&quot;:&quot;elbowEdgeStyle&quot;,&quot;elbow&quot;:&quot;vertical&quot;,&quot;curved&quot;:0,&quot;rounded&quot;:0};" parent="aM9ryv3xv72pqoxQDRHE-5" vertex="1">
          <mxGeometry x="45" y="80" width="10" height="250" as="geometry" />
        </mxCell>
        <mxCell id="DVkveZTVQJIo2J90NNba-1" value="Track" style="shape=umlLifeline;perimeter=lifelinePerimeter;whiteSpace=wrap;html=1;container=1;dropTarget=0;collapsible=0;recursiveResize=0;outlineConnect=0;portConstraint=eastwest;newEdgeStyle={&quot;curved&quot;:0,&quot;rounded&quot;:0};" vertex="1" parent="1">
          <mxGeometry x="370" y="60" width="100" height="300" as="geometry" />
        </mxCell>
        <mxCell id="DVkveZTVQJIo2J90NNba-2" value="" style="html=1;points=[[0,0,0,0,5],[0,1,0,0,-5],[1,0,0,0,5],[1,1,0,0,-5]];perimeter=orthogonalPerimeter;outlineConnect=0;targetShapes=umlLifeline;portConstraint=eastwest;newEdgeStyle={&quot;curved&quot;:0,&quot;rounded&quot;:0};" vertex="1" parent="DVkveZTVQJIo2J90NNba-1">
          <mxGeometry x="45" y="90" width="10" height="180" as="geometry" />
        </mxCell>
        <mxCell id="DVkveZTVQJIo2J90NNba-6" value="" style="html=1;points=[[0,0,0,0,5],[0,1,0,0,-5],[1,0,0,0,5],[1,1,0,0,-5]];perimeter=orthogonalPerimeter;outlineConnect=0;targetShapes=umlLifeline;portConstraint=eastwest;newEdgeStyle={&quot;curved&quot;:0,&quot;rounded&quot;:0};" vertex="1" parent="DVkveZTVQJIo2J90NNba-1">
          <mxGeometry x="55" y="127.5" width="10" height="40" as="geometry" />
        </mxCell>
        <mxCell id="DVkveZTVQJIo2J90NNba-7" value="incrementPlayCount()" style="html=1;align=left;spacingLeft=2;endArrow=block;rounded=0;edgeStyle=orthogonalEdgeStyle;curved=0;rounded=0;" edge="1" target="DVkveZTVQJIo2J90NNba-6" parent="DVkveZTVQJIo2J90NNba-1">
          <mxGeometry relative="1" as="geometry">
            <mxPoint x="60" y="107.5" as="sourcePoint" />
            <Array as="points">
              <mxPoint x="90" y="107.5" />
              <mxPoint x="90" y="137.5" />
            </Array>
          </mxGeometry>
        </mxCell>
        <mxCell id="DVkveZTVQJIo2J90NNba-9" value="" style="html=1;points=[[0,0,0,0,5],[0,1,0,0,-5],[1,0,0,0,5],[1,1,0,0,-5]];perimeter=orthogonalPerimeter;outlineConnect=0;targetShapes=umlLifeline;portConstraint=eastwest;newEdgeStyle={&quot;curved&quot;:0,&quot;rounded&quot;:0};" vertex="1" parent="DVkveZTVQJIo2J90NNba-1">
          <mxGeometry x="55" y="200" width="10" height="40" as="geometry" />
        </mxCell>
        <mxCell id="DVkveZTVQJIo2J90NNba-10" value="updateLastPlayedDate()" style="html=1;align=left;spacingLeft=2;endArrow=block;rounded=0;edgeStyle=orthogonalEdgeStyle;curved=0;rounded=0;" edge="1" target="DVkveZTVQJIo2J90NNba-9" parent="DVkveZTVQJIo2J90NNba-1">
          <mxGeometry relative="1" as="geometry">
            <mxPoint x="60" y="180" as="sourcePoint" />
            <Array as="points">
              <mxPoint x="90" y="210" />
            </Array>
          </mxGeometry>
        </mxCell>
        <mxCell id="DVkveZTVQJIo2J90NNba-3" value="playTrack(track)" style="html=1;verticalAlign=bottom;endArrow=block;curved=0;rounded=0;" edge="1" parent="1">
          <mxGeometry width="80" relative="1" as="geometry">
            <mxPoint x="100" y="130" as="sourcePoint" />
            <mxPoint x="274.5" y="130" as="targetPoint" />
            <Array as="points" />
          </mxGeometry>
        </mxCell>
        <mxCell id="DVkveZTVQJIo2J90NNba-5" value="&amp;nbsp;play()" style="html=1;verticalAlign=bottom;endArrow=block;curved=0;rounded=0;" edge="1" parent="1" source="aM9ryv3xv72pqoxQDRHE-6" target="DVkveZTVQJIo2J90NNba-1">
          <mxGeometry width="80" relative="1" as="geometry">
            <mxPoint x="380" y="350" as="sourcePoint" />
            <mxPoint x="460" y="350" as="targetPoint" />
            <Array as="points">
              <mxPoint x="350" y="160" />
            </Array>
          </mxGeometry>
        </mxCell>
        <mxCell id="DVkveZTVQJIo2J90NNba-11" value="Trackdetails" style="html=1;verticalAlign=bottom;endArrow=open;dashed=1;endSize=8;curved=0;rounded=0;" edge="1" parent="1" source="DVkveZTVQJIo2J90NNba-1">
          <mxGeometry relative="1" as="geometry">
            <mxPoint x="360" y="330" as="sourcePoint" />
            <mxPoint x="280" y="330" as="targetPoint" />
          </mxGeometry>
        </mxCell>
        <mxCell id="DVkveZTVQJIo2J90NNba-12" value="playaudio" style="html=1;verticalAlign=bottom;endArrow=open;dashed=1;endSize=8;curved=0;rounded=0;" edge="1" parent="1" source="aM9ryv3xv72pqoxQDRHE-5">
          <mxGeometry relative="1" as="geometry">
            <mxPoint x="180" y="359" as="sourcePoint" />
            <mxPoint x="100" y="359" as="targetPoint" />
          </mxGeometry>
        </mxCell>
      </root>
    </mxGraphModel>
  </diagram>
</mxfile>
