<mxfile modified="2024-06-18T14:23:13.821Z" host="app.diagrams.net" agent="Mozilla/5.0 (X11; Linux x86_64; rv:109.0) Gecko/20100101 Firefox/115.0" etag="N7_9pPe5tNdM6L7AWZwo" version="24.5.4" type="device">
  <diagram id="a70f6d8a-fcf1-7273-3e98-675663a08dca" name="Page-1">
    <mxGraphModel dx="1144" dy="1000" grid="1" gridSize="10" guides="1" tooltips="1" connect="1" arrows="1" fold="1" page="1" pageScale="1" pageWidth="850" pageHeight="1100" background="#ffffff" math="0" shadow="0">
      <root>
        <mxCell id="0" />
        <mxCell id="1" parent="0" />
        <mxCell id="2" value="Student" style="strokeWidth=2;whiteSpace=wrap;html=1;align=center;fontSize=14;fillColor=#fff2cc;strokeColor=#d6b656;" parent="1" vertex="1">
          <mxGeometry x="140" y="560" width="100" height="50" as="geometry" />
        </mxCell>
        <mxCell id="3" value="Name" style="ellipse;whiteSpace=wrap;html=1;fillColor=#dae8fc;strokeColor=#6c8ebf;" parent="1" vertex="1">
          <mxGeometry x="20" y="560" width="80" height="40" as="geometry" />
        </mxCell>
        <mxCell id="8ONyKWv_F3S12iE0pAfE-61" style="edgeStyle=none;curved=1;rounded=0;orthogonalLoop=1;jettySize=auto;html=1;exitX=0.5;exitY=0;exitDx=0;exitDy=0;fontSize=12;startSize=8;endSize=8;" edge="1" parent="1" source="12" target="TSYcToHzSH-eNLueg0z_-99">
          <mxGeometry relative="1" as="geometry" />
        </mxCell>
        <mxCell id="12" value="Program" style="strokeWidth=2;whiteSpace=wrap;html=1;align=center;fontSize=14;fillColor=#e1d5e7;strokeColor=#9673a6;" parent="1" vertex="1">
          <mxGeometry x="385" y="560" width="100" height="50" as="geometry" />
        </mxCell>
        <mxCell id="13" value="Course" style="shape=ext;strokeWidth=2;margin=10;double=1;whiteSpace=wrap;html=1;align=center;fontSize=14;fillColor=#e1d5e7;strokeColor=#9673a6;" parent="1" vertex="1">
          <mxGeometry x="395" y="255" width="100" height="60" as="geometry" />
        </mxCell>
        <mxCell id="16" value="includes" style="shape=rhombus;strokeWidth=2;fontSize=17;perimeter=rhombusPerimeter;whiteSpace=wrap;html=1;align=center;fontSize=14;fillColor=#e1d5e7;strokeColor=#9673a6;" parent="1" vertex="1">
          <mxGeometry x="395" y="380" width="100" height="50" as="geometry" />
        </mxCell>
        <mxCell id="20" value="&lt;font style=&quot;font-size: 14px;&quot;&gt;Name&lt;/font&gt;" style="ellipse;whiteSpace=wrap;html=1;fillColor=#dae8fc;strokeColor=#6c8ebf;" parent="1" vertex="1">
          <mxGeometry x="547" y="620" width="80" height="40" as="geometry" />
        </mxCell>
        <mxCell id="21" value="enrolls in" style="shape=rhombus;strokeWidth=2;fontSize=17;perimeter=rhombusPerimeter;whiteSpace=wrap;html=1;align=center;fontSize=14;fillColor=#f8cecc;strokeColor=#b85450;" parent="1" vertex="1">
          <mxGeometry x="270" y="560" width="90" height="50" as="geometry" />
        </mxCell>
        <mxCell id="29" value="" style="endArrow=none;html=1;entryX=1;entryY=0.5;exitX=0;exitY=0.25;entryDx=0;entryDy=0;" parent="1" source="13" target="lSs8J4Uhb09Pi8-9KCzp-56" edge="1">
          <mxGeometry width="50" height="50" relative="1" as="geometry">
            <mxPoint x="190" y="340" as="sourcePoint" />
            <mxPoint x="330" y="220" as="targetPoint" />
          </mxGeometry>
        </mxCell>
        <mxCell id="30" value="" style="endArrow=none;html=1;exitX=1;exitY=0.5;entryX=0;entryY=0.75;exitDx=0;exitDy=0;" parent="1" source="lSs8J4Uhb09Pi8-9KCzp-57" target="13" edge="1">
          <mxGeometry width="50" height="50" relative="1" as="geometry">
            <mxPoint x="330" y="305" as="sourcePoint" />
            <mxPoint x="360" y="320" as="targetPoint" />
          </mxGeometry>
        </mxCell>
        <mxCell id="31" value="Room Capacities" style="ellipse;shape=doubleEllipse;margin=10;strokeWidth=2;fontSize=14;whiteSpace=wrap;html=1;align=center;fillColor=#dae8fc;strokeColor=#6c8ebf;" parent="1" vertex="1">
          <mxGeometry x="100" y="235" width="100" height="70" as="geometry" />
        </mxCell>
        <mxCell id="32" value="" style="endArrow=none;html=1;entryX=1;entryY=0.5;exitX=0;exitY=0.5;" parent="1" source="13" target="31" edge="1">
          <mxGeometry width="50" height="50" relative="1" as="geometry">
            <mxPoint x="310" y="270" as="sourcePoint" />
            <mxPoint x="240" y="260" as="targetPoint" />
          </mxGeometry>
        </mxCell>
        <mxCell id="33" value="Max number of participants in each room" style="shape=note;strokeWidth=2;fontSize=14;size=20;whiteSpace=wrap;html=1;" parent="1" vertex="1">
          <mxGeometry x="50" y="315" width="100" height="78" as="geometry" />
        </mxCell>
        <mxCell id="34" value="" style="endArrow=none;dashed=1;html=1;exitX=0.5;exitY=0;entryX=0;entryY=1;" parent="1" target="31" edge="1">
          <mxGeometry width="50" height="50" relative="1" as="geometry">
            <mxPoint x="100" y="313" as="sourcePoint" />
            <mxPoint x="180" y="210" as="targetPoint" />
          </mxGeometry>
        </mxCell>
        <mxCell id="35" value="" style="endArrow=none;html=1;entryX=1;entryY=0.5;exitX=0;exitY=0.5;" parent="1" source="2" target="3" edge="1">
          <mxGeometry width="50" height="50" relative="1" as="geometry">
            <mxPoint x="280" y="620" as="sourcePoint" />
            <mxPoint x="80" y="640" as="targetPoint" />
          </mxGeometry>
        </mxCell>
        <mxCell id="36" value="ID" style="ellipse;whiteSpace=wrap;html=1;fillColor=#dae8fc;strokeColor=#6c8ebf;" parent="1" vertex="1">
          <mxGeometry x="20" y="610" width="80" height="40" as="geometry" />
        </mxCell>
        <mxCell id="37" value="" style="endArrow=none;html=1;exitX=0;exitY=0.75;entryX=1;entryY=0.5;" parent="1" source="2" target="36" edge="1">
          <mxGeometry width="50" height="50" relative="1" as="geometry">
            <mxPoint x="140" y="585" as="sourcePoint" />
            <mxPoint x="130" y="630" as="targetPoint" />
          </mxGeometry>
        </mxCell>
        <mxCell id="44" value="" style="endArrow=none;html=1;entryX=0.57;entryY=0.98;entryPerimeter=0;exitX=0;exitY=0.5;exitDx=0;exitDy=0;" parent="1" source="20" target="12" edge="1">
          <mxGeometry width="50" height="50" relative="1" as="geometry">
            <mxPoint x="450" y="830" as="sourcePoint" />
            <mxPoint x="500" y="780" as="targetPoint" />
          </mxGeometry>
        </mxCell>
        <mxCell id="50" value="" style="edgeStyle=entityRelationEdgeStyle;fontSize=12;html=1;endArrow=none;startArrow=ERzeroToMany;exitX=1;exitY=0.5;entryX=0;entryY=0.5;endFill=0;startFill=1;" parent="1" source="2" target="21" edge="1">
          <mxGeometry width="100" height="100" relative="1" as="geometry">
            <mxPoint x="230" y="730" as="sourcePoint" />
            <mxPoint x="330" y="630" as="targetPoint" />
          </mxGeometry>
        </mxCell>
        <mxCell id="52" value="" style="edgeStyle=entityRelationEdgeStyle;fontSize=12;html=1;endArrow=ERoneToMany;entryX=0;entryY=0.5;exitX=1;exitY=0.5;endFill=0;" parent="1" source="21" target="12" edge="1">
          <mxGeometry width="100" height="100" relative="1" as="geometry">
            <mxPoint x="260" y="620" as="sourcePoint" />
            <mxPoint x="360" y="520" as="targetPoint" />
          </mxGeometry>
        </mxCell>
        <mxCell id="55" value="" style="fontSize=12;html=1;endArrow=ERoneToMany;entryX=0.5;entryY=1;exitX=0.5;exitY=0;" parent="1" source="16" target="13" edge="1">
          <mxGeometry width="100" height="100" relative="1" as="geometry">
            <mxPoint x="530" y="430" as="sourcePoint" />
            <mxPoint x="630" y="330" as="targetPoint" />
          </mxGeometry>
        </mxCell>
        <mxCell id="lSs8J4Uhb09Pi8-9KCzp-56" value="Name" style="ellipse;whiteSpace=wrap;html=1;fillColor=#dae8fc;strokeColor=#6c8ebf;fontSize=14;" parent="1" vertex="1">
          <mxGeometry x="210" y="180" width="100" height="60" as="geometry" />
        </mxCell>
        <mxCell id="lSs8J4Uhb09Pi8-9KCzp-57" value="Course ID" style="ellipse;whiteSpace=wrap;html=1;fillColor=#dae8fc;strokeColor=#6c8ebf;fontSize=14;" parent="1" vertex="1">
          <mxGeometry x="210" y="280" width="110" height="55" as="geometry" />
        </mxCell>
        <mxCell id="TSYcToHzSH-eNLueg0z_-56" value="year of first enrollment" style="ellipse;whiteSpace=wrap;html=1;align=center;fillColor=#dae8fc;strokeColor=#6c8ebf;" parent="1" vertex="1">
          <mxGeometry x="60" y="660" width="100" height="40" as="geometry" />
        </mxCell>
        <mxCell id="TSYcToHzSH-eNLueg0z_-57" value="&lt;font style=&quot;font-size: 14px;&quot;&gt;total credit points&lt;/font&gt;" style="ellipse;whiteSpace=wrap;html=1;align=center;fillColor=#dae8fc;strokeColor=#6c8ebf;" parent="1" vertex="1">
          <mxGeometry x="537" y="565" width="100" height="40" as="geometry" />
        </mxCell>
        <mxCell id="TSYcToHzSH-eNLueg0z_-60" value="" style="line;strokeWidth=1;rotatable=0;dashed=0;labelPosition=right;align=left;verticalAlign=middle;spacingTop=0;spacingLeft=6;points=[];portConstraint=eastwest;" parent="1" vertex="1">
          <mxGeometry x="485" y="580" width="52" height="10" as="geometry" />
        </mxCell>
        <mxCell id="TSYcToHzSH-eNLueg0z_-71" value="" style="endArrow=none;html=1;exitX=0.25;exitY=1;entryX=0.5;entryY=0;exitDx=0;exitDy=0;entryDx=0;entryDy=0;" parent="1" source="2" target="TSYcToHzSH-eNLueg0z_-56" edge="1">
          <mxGeometry width="50" height="50" relative="1" as="geometry">
            <mxPoint x="207" y="630" as="sourcePoint" />
            <mxPoint x="167" y="662" as="targetPoint" />
          </mxGeometry>
        </mxCell>
        <mxCell id="TSYcToHzSH-eNLueg0z_-73" value="Teacher" style="whiteSpace=wrap;html=1;align=center;fillColor=#fff2cc;strokeColor=#d6b656;fontStyle=0;fontSize=14;strokeWidth=2;" parent="1" vertex="1">
          <mxGeometry x="680" y="334" width="100" height="40" as="geometry" />
        </mxCell>
        <mxCell id="TSYcToHzSH-eNLueg0z_-74" value="&lt;font style=&quot;font-size: 14px;&quot;&gt;Name&lt;/font&gt;" style="ellipse;whiteSpace=wrap;html=1;fillColor=#dae8fc;strokeColor=#6c8ebf;" parent="1" vertex="1">
          <mxGeometry x="720" y="230" width="80" height="40" as="geometry" />
        </mxCell>
        <mxCell id="TSYcToHzSH-eNLueg0z_-75" value="&lt;font style=&quot;font-size: 14px;&quot;&gt;ID&lt;/font&gt;" style="ellipse;whiteSpace=wrap;html=1;fillColor=#dae8fc;strokeColor=#6c8ebf;" parent="1" vertex="1">
          <mxGeometry x="620" y="230" width="80" height="40" as="geometry" />
        </mxCell>
        <mxCell id="TSYcToHzSH-eNLueg0z_-81" value="" style="endArrow=none;html=1;rounded=0;exitX=0.5;exitY=1;exitDx=0;exitDy=0;" parent="1" source="TSYcToHzSH-eNLueg0z_-75" target="TSYcToHzSH-eNLueg0z_-73" edge="1">
          <mxGeometry width="50" height="50" relative="1" as="geometry">
            <mxPoint x="487" y="100" as="sourcePoint" />
            <mxPoint x="480" y="130" as="targetPoint" />
          </mxGeometry>
        </mxCell>
        <mxCell id="TSYcToHzSH-eNLueg0z_-82" value="" style="endArrow=none;html=1;rounded=0;entryX=0.75;entryY=0;entryDx=0;entryDy=0;exitX=0.5;exitY=1;exitDx=0;exitDy=0;" parent="1" source="TSYcToHzSH-eNLueg0z_-74" target="TSYcToHzSH-eNLueg0z_-73" edge="1">
          <mxGeometry width="50" height="50" relative="1" as="geometry">
            <mxPoint x="587" y="100" as="sourcePoint" />
            <mxPoint x="580" y="130" as="targetPoint" />
          </mxGeometry>
        </mxCell>
        <mxCell id="TSYcToHzSH-eNLueg0z_-83" value="&lt;font style=&quot;font-size: 14px;&quot;&gt;teaches&lt;/font&gt;" style="shape=rhombus;perimeter=rhombusPerimeter;whiteSpace=wrap;html=1;align=center;fillColor=#f8cecc;strokeColor=#b85450;strokeWidth=2;" parent="1" vertex="1">
          <mxGeometry x="540" y="305" width="80" height="50" as="geometry" />
        </mxCell>
        <mxCell id="TSYcToHzSH-eNLueg0z_-85" value="" style="edgeStyle=entityRelationEdgeStyle;fontSize=12;html=1;endArrow=ERoneToMany;rounded=0;exitX=0.5;exitY=0;exitDx=0;exitDy=0;" parent="1" source="TSYcToHzSH-eNLueg0z_-83" target="13" edge="1">
          <mxGeometry width="100" height="100" relative="1" as="geometry">
            <mxPoint x="440" y="260" as="sourcePoint" />
            <mxPoint x="540" y="160" as="targetPoint" />
          </mxGeometry>
        </mxCell>
        <mxCell id="TSYcToHzSH-eNLueg0z_-98" style="edgeStyle=orthogonalEdgeStyle;rounded=0;orthogonalLoop=1;jettySize=auto;html=1;" parent="1" source="TSYcToHzSH-eNLueg0z_-89" target="2" edge="1">
          <mxGeometry relative="1" as="geometry" />
        </mxCell>
        <mxCell id="TSYcToHzSH-eNLueg0z_-89" value="&lt;font style=&quot;font-size: 14px;&quot;&gt;notifies&lt;/font&gt;" style="shape=rhombus;perimeter=rhombusPerimeter;whiteSpace=wrap;html=1;align=center;fillColor=#f8cecc;strokeColor=#b85450;rounded=0;shadow=0;strokeWidth=2;" parent="1" vertex="1">
          <mxGeometry x="265" y="650" width="100" height="50" as="geometry" />
        </mxCell>
        <mxCell id="TSYcToHzSH-eNLueg0z_-96" style="edgeStyle=orthogonalEdgeStyle;rounded=0;orthogonalLoop=1;jettySize=auto;html=1;exitX=0.5;exitY=0;exitDx=0;exitDy=0;entryX=0.5;entryY=1;entryDx=0;entryDy=0;" parent="1" source="TSYcToHzSH-eNLueg0z_-90" target="12" edge="1">
          <mxGeometry relative="1" as="geometry" />
        </mxCell>
        <mxCell id="TSYcToHzSH-eNLueg0z_-90" value="&lt;font style=&quot;font-size: 14px;&quot;&gt;coordinates&lt;/font&gt;" style="shape=rhombus;perimeter=rhombusPerimeter;whiteSpace=wrap;html=1;align=center;fillColor=#f8cecc;strokeColor=#b85450;strokeWidth=2;" parent="1" vertex="1">
          <mxGeometry x="387.5" y="650" width="95" height="50" as="geometry" />
        </mxCell>
        <mxCell id="TSYcToHzSH-eNLueg0z_-95" style="edgeStyle=orthogonalEdgeStyle;rounded=0;orthogonalLoop=1;jettySize=auto;html=1;entryX=0.5;entryY=1;entryDx=0;entryDy=0;" parent="1" source="TSYcToHzSH-eNLueg0z_-91" target="TSYcToHzSH-eNLueg0z_-90" edge="1">
          <mxGeometry relative="1" as="geometry" />
        </mxCell>
        <mxCell id="TSYcToHzSH-eNLueg0z_-97" style="edgeStyle=orthogonalEdgeStyle;rounded=0;orthogonalLoop=1;jettySize=auto;html=1;exitX=0;exitY=0.5;exitDx=0;exitDy=0;entryX=0.5;entryY=1;entryDx=0;entryDy=0;" parent="1" source="TSYcToHzSH-eNLueg0z_-91" target="TSYcToHzSH-eNLueg0z_-89" edge="1">
          <mxGeometry relative="1" as="geometry" />
        </mxCell>
        <mxCell id="TSYcToHzSH-eNLueg0z_-91" value="&lt;font style=&quot;font-size: 14px;&quot;&gt;Manager&lt;/font&gt;" style="whiteSpace=wrap;html=1;align=center;fillColor=#fff2cc;strokeColor=#d6b656;" parent="1" vertex="1">
          <mxGeometry x="385" y="740" width="100" height="40" as="geometry" />
        </mxCell>
        <mxCell id="TSYcToHzSH-eNLueg0z_-99" value="&lt;font style=&quot;font-size: 14px;&quot;&gt;Compulsory Course&lt;/font&gt;" style="whiteSpace=wrap;html=1;align=center;fillColor=#e1d5e7;strokeColor=#9673a6;strokeWidth=2;" parent="1" vertex="1">
          <mxGeometry x="285" y="460" width="100" height="40" as="geometry" />
        </mxCell>
        <mxCell id="TSYcToHzSH-eNLueg0z_-100" value="&lt;font style=&quot;font-size: 14px;&quot;&gt;Elective Course&lt;/font&gt;" style="whiteSpace=wrap;html=1;align=center;fillColor=#e1d5e7;strokeColor=#9673a6;strokeWidth=2;" parent="1" vertex="1">
          <mxGeometry x="505" y="460" width="100" height="40" as="geometry" />
        </mxCell>
        <mxCell id="TSYcToHzSH-eNLueg0z_-101" value="" style="edgeStyle=entityRelationEdgeStyle;fontSize=12;html=1;endArrow=ERoneToMany;rounded=0;exitX=0.5;exitY=1;exitDx=0;exitDy=0;" parent="1" source="16" target="TSYcToHzSH-eNLueg0z_-100" edge="1">
          <mxGeometry width="100" height="100" relative="1" as="geometry">
            <mxPoint x="310" y="440" as="sourcePoint" />
            <mxPoint x="410" y="340" as="targetPoint" />
            <Array as="points">
              <mxPoint x="500" y="440" />
              <mxPoint x="500" y="430" />
            </Array>
          </mxGeometry>
        </mxCell>
        <mxCell id="TSYcToHzSH-eNLueg0z_-105" value="" style="edgeStyle=entityRelationEdgeStyle;fontSize=12;html=1;endArrow=ERoneToMany;rounded=0;exitX=0.5;exitY=1;exitDx=0;exitDy=0;" parent="1" source="16" target="TSYcToHzSH-eNLueg0z_-99" edge="1">
          <mxGeometry width="100" height="100" relative="1" as="geometry">
            <mxPoint x="310" y="440" as="sourcePoint" />
            <mxPoint x="410" y="340" as="targetPoint" />
          </mxGeometry>
        </mxCell>
        <mxCell id="8ONyKWv_F3S12iE0pAfE-57" value="&lt;font style=&quot;font-size: 14px;&quot;&gt;teaches&lt;/font&gt;" style="shape=rhombus;perimeter=rhombusPerimeter;whiteSpace=wrap;html=1;align=center;fillColor=#f8cecc;strokeColor=#b85450;strokeWidth=2;" vertex="1" parent="1">
          <mxGeometry x="690" y="455" width="80" height="50" as="geometry" />
        </mxCell>
        <mxCell id="8ONyKWv_F3S12iE0pAfE-58" value="" style="edgeStyle=entityRelationEdgeStyle;fontSize=12;html=1;endArrow=ERzeroToMany;endFill=1;rounded=0;startSize=8;endSize=8;curved=0;strokeColor=default;" edge="1" parent="1" source="8ONyKWv_F3S12iE0pAfE-57" target="TSYcToHzSH-eNLueg0z_-73">
          <mxGeometry width="100" height="100" relative="1" as="geometry">
            <mxPoint x="270" y="480" as="sourcePoint" />
            <mxPoint x="370" y="380" as="targetPoint" />
            <Array as="points">
              <mxPoint x="670" y="310" />
            </Array>
          </mxGeometry>
        </mxCell>
        <mxCell id="8ONyKWv_F3S12iE0pAfE-59" value="" style="edgeStyle=entityRelationEdgeStyle;fontSize=12;html=1;endArrow=ERoneToMany;rounded=0;startSize=8;endSize=8;curved=0;exitX=0;exitY=0.5;exitDx=0;exitDy=0;" edge="1" parent="1" source="8ONyKWv_F3S12iE0pAfE-57" target="TSYcToHzSH-eNLueg0z_-100">
          <mxGeometry width="100" height="100" relative="1" as="geometry">
            <mxPoint x="270" y="480" as="sourcePoint" />
            <mxPoint x="370" y="380" as="targetPoint" />
          </mxGeometry>
        </mxCell>
        <mxCell id="8ONyKWv_F3S12iE0pAfE-60" value="" style="edgeStyle=entityRelationEdgeStyle;fontSize=12;html=1;endArrow=ERoneToMany;rounded=0;startSize=8;endSize=8;curved=0;exitX=0.5;exitY=1;exitDx=0;exitDy=0;" edge="1" parent="1" source="TSYcToHzSH-eNLueg0z_-83" target="TSYcToHzSH-eNLueg0z_-73">
          <mxGeometry width="100" height="100" relative="1" as="geometry">
            <mxPoint x="300" y="460" as="sourcePoint" />
            <mxPoint x="400" y="360" as="targetPoint" />
          </mxGeometry>
        </mxCell>
        <mxCell id="8ONyKWv_F3S12iE0pAfE-62" style="edgeStyle=none;curved=1;rounded=0;orthogonalLoop=1;jettySize=auto;html=1;exitX=0.5;exitY=1;exitDx=0;exitDy=0;fontSize=12;startSize=8;endSize=8;" edge="1" parent="1" source="TSYcToHzSH-eNLueg0z_-74" target="TSYcToHzSH-eNLueg0z_-74">
          <mxGeometry relative="1" as="geometry" />
        </mxCell>
      </root>
    </mxGraphModel>
  </diagram>
</mxfile>
