<?xml version="1.0" encoding="UTF-8"?>
<mxfile host="app.diagrams.net" modified="2024-06-18T16:57:37.875Z" agent="Mozilla/5.0 (X11; Linux x86_64; rv:109.0) Gecko/20100101 Firefox/115.0" etag="dkWWOvfj4OItpXiqBtSZ" version="24.5.5">
  <diagram name="Page-1" id="Qp1XTagd6Ts0L9Q2u5Nr">
    <mxGraphModel dx="1067" dy="991" grid="1" gridSize="10" guides="1" tooltips="1" connect="1" arrows="1" fold="1" page="1" pageScale="1" pageWidth="850" pageHeight="1100" math="0" shadow="0">
      <root>
        <mxCell id="0" />
        <mxCell id="1" parent="0" />
        <mxCell id="UzljgJzYifyvQvD2_R12-1" value="&lt;font style=&quot;font-size: 14px;&quot;&gt;User&lt;/font&gt;" style="whiteSpace=wrap;html=1;align=center;fillColor=#fff2cc;strokeColor=#d6b656;strokeWidth=2;" vertex="1" parent="1">
          <mxGeometry x="110" y="380" width="100" height="40" as="geometry" />
        </mxCell>
        <mxCell id="UzljgJzYifyvQvD2_R12-2" value="&lt;font style=&quot;font-size: 14px;&quot;&gt;Password&lt;/font&gt;" style="ellipse;whiteSpace=wrap;html=1;align=center;fillColor=#dae8fc;strokeColor=#6c8ebf;" vertex="1" parent="1">
          <mxGeometry x="10" y="340" width="80" height="30" as="geometry" />
        </mxCell>
        <mxCell id="UzljgJzYifyvQvD2_R12-3" value="&lt;font style=&quot;font-size: 14px;&quot;&gt;ID&lt;/font&gt;" style="ellipse;whiteSpace=wrap;html=1;align=center;fillColor=#dae8fc;strokeColor=#6c8ebf;" vertex="1" parent="1">
          <mxGeometry x="10" y="380" width="80" height="30" as="geometry" />
        </mxCell>
        <mxCell id="UzljgJzYifyvQvD2_R12-5" value="&lt;div style=&quot;font-size: 14px;&quot;&gt;Email&lt;br&gt;&lt;/div&gt;" style="ellipse;whiteSpace=wrap;html=1;align=center;fillColor=#dae8fc;strokeColor=#6c8ebf;" vertex="1" parent="1">
          <mxGeometry x="10" y="430" width="80" height="30" as="geometry" />
        </mxCell>
        <mxCell id="UzljgJzYifyvQvD2_R12-6" value="&lt;font style=&quot;font-size: 14px;&quot;&gt;SubscriptionPlan&lt;/font&gt;" style="whiteSpace=wrap;html=1;align=center;strokeWidth=2;fillColor=#d5e8d4;strokeColor=#82b366;" vertex="1" parent="1">
          <mxGeometry x="270" y="510" width="125" height="40" as="geometry" />
        </mxCell>
        <mxCell id="UzljgJzYifyvQvD2_R12-7" value="&lt;font style=&quot;font-size: 14px;&quot;&gt;subscription_plan_id&lt;/font&gt;" style="ellipse;whiteSpace=wrap;html=1;align=center;fillColor=#dae8fc;strokeColor=#6c8ebf;" vertex="1" parent="1">
          <mxGeometry x="285" y="610" width="140" height="30" as="geometry" />
        </mxCell>
        <mxCell id="UzljgJzYifyvQvD2_R12-8" value="&lt;font style=&quot;font-size: 14px;&quot;&gt;cost&lt;/font&gt;" style="ellipse;whiteSpace=wrap;html=1;align=center;strokeWidth=1;fillColor=#dae8fc;strokeColor=#6c8ebf;" vertex="1" parent="1">
          <mxGeometry x="270" y="570" width="70" height="20" as="geometry" />
        </mxCell>
        <mxCell id="UzljgJzYifyvQvD2_R12-9" value="&lt;font style=&quot;font-size: 14px;&quot;&gt;Playlist&lt;/font&gt;" style="whiteSpace=wrap;html=1;align=center;fillColor=#d5e8d4;strokeColor=#82b366;strokeWidth=2;" vertex="1" parent="1">
          <mxGeometry x="250" y="210" width="100" height="40" as="geometry" />
        </mxCell>
        <mxCell id="UzljgJzYifyvQvD2_R12-55" style="edgeStyle=orthogonalEdgeStyle;rounded=0;orthogonalLoop=1;jettySize=auto;html=1;" edge="1" parent="1" source="UzljgJzYifyvQvD2_R12-10" target="UzljgJzYifyvQvD2_R12-54">
          <mxGeometry relative="1" as="geometry" />
        </mxCell>
        <mxCell id="UzljgJzYifyvQvD2_R12-10" value="&lt;font style=&quot;font-size: 14px;&quot;&gt;Platform&lt;/font&gt;" style="whiteSpace=wrap;html=1;align=center;fillColor=#e1d5e7;strokeColor=#9673a6;strokeWidth=2;" vertex="1" parent="1">
          <mxGeometry x="345" y="400" width="100" height="60" as="geometry" />
        </mxCell>
        <mxCell id="UzljgJzYifyvQvD2_R12-11" value="&lt;font style=&quot;font-size: 14px;&quot;&gt;Album&lt;/font&gt;" style="whiteSpace=wrap;html=1;align=center;fillColor=#d5e8d4;strokeColor=#82b366;strokeWidth=2;" vertex="1" parent="1">
          <mxGeometry x="550" y="380" width="100" height="40" as="geometry" />
        </mxCell>
        <mxCell id="UzljgJzYifyvQvD2_R12-13" value="&lt;font style=&quot;font-size: 14px;&quot;&gt;Track&lt;/font&gt;" style="whiteSpace=wrap;html=1;align=center;fillColor=#ffe6cc;strokeColor=#d79b00;strokeWidth=2;" vertex="1" parent="1">
          <mxGeometry x="390" y="210" width="100" height="40" as="geometry" />
        </mxCell>
        <mxCell id="UzljgJzYifyvQvD2_R12-16" value="&lt;font style=&quot;font-size: 14px;&quot;&gt;Artist&lt;/font&gt;" style="whiteSpace=wrap;html=1;align=center;fillColor=#fff2cc;strokeColor=#d6b656;strokeWidth=2;" vertex="1" parent="1">
          <mxGeometry x="660" y="275" width="100" height="40" as="geometry" />
        </mxCell>
        <mxCell id="UzljgJzYifyvQvD2_R12-17" value="Name" style="ellipse;whiteSpace=wrap;html=1;align=center;fillColor=#dae8fc;strokeColor=#6c8ebf;" vertex="1" parent="1">
          <mxGeometry x="780" y="270" width="70" height="30" as="geometry" />
        </mxCell>
        <mxCell id="UzljgJzYifyvQvD2_R12-18" value="ID" style="ellipse;whiteSpace=wrap;html=1;align=center;fillColor=#dae8fc;strokeColor=#6c8ebf;" vertex="1" parent="1">
          <mxGeometry x="775" y="315" width="70" height="30" as="geometry" />
        </mxCell>
        <mxCell id="UzljgJzYifyvQvD2_R12-19" value="&lt;font style=&quot;font-size: 14px;&quot;&gt;play_count&lt;/font&gt;" style="ellipse;whiteSpace=wrap;html=1;align=center;fillColor=#dae8fc;strokeColor=#6c8ebf;" vertex="1" parent="1">
          <mxGeometry x="280" y="285" width="80" height="30" as="geometry" />
        </mxCell>
        <mxCell id="UzljgJzYifyvQvD2_R12-20" value="&lt;font style=&quot;font-size: 14px;&quot;&gt;last_played_date&lt;/font&gt;" style="ellipse;whiteSpace=wrap;html=1;align=center;fillColor=#dae8fc;strokeColor=#6c8ebf;" vertex="1" parent="1">
          <mxGeometry x="415" y="285" width="100" height="30" as="geometry" />
        </mxCell>
        <mxCell id="UzljgJzYifyvQvD2_R12-21" value="" style="endArrow=none;html=1;rounded=0;" edge="1" parent="1" source="UzljgJzYifyvQvD2_R12-5" target="UzljgJzYifyvQvD2_R12-1">
          <mxGeometry relative="1" as="geometry">
            <mxPoint x="340" y="530" as="sourcePoint" />
            <mxPoint x="500" y="530" as="targetPoint" />
          </mxGeometry>
        </mxCell>
        <mxCell id="UzljgJzYifyvQvD2_R12-22" value="" style="endArrow=none;html=1;rounded=0;" edge="1" parent="1" source="UzljgJzYifyvQvD2_R12-1" target="UzljgJzYifyvQvD2_R12-2">
          <mxGeometry relative="1" as="geometry">
            <mxPoint x="340" y="530" as="sourcePoint" />
            <mxPoint x="500" y="530" as="targetPoint" />
          </mxGeometry>
        </mxCell>
        <mxCell id="UzljgJzYifyvQvD2_R12-23" value="" style="endArrow=none;html=1;rounded=0;" edge="1" parent="1" source="UzljgJzYifyvQvD2_R12-3" target="UzljgJzYifyvQvD2_R12-1">
          <mxGeometry relative="1" as="geometry">
            <mxPoint x="340" y="530" as="sourcePoint" />
            <mxPoint x="500" y="530" as="targetPoint" />
          </mxGeometry>
        </mxCell>
        <mxCell id="UzljgJzYifyvQvD2_R12-25" value="" style="endArrow=none;html=1;rounded=0;" edge="1" parent="1" source="UzljgJzYifyvQvD2_R12-6" target="UzljgJzYifyvQvD2_R12-7">
          <mxGeometry relative="1" as="geometry">
            <mxPoint x="820" y="760" as="sourcePoint" />
            <mxPoint x="980" y="760" as="targetPoint" />
          </mxGeometry>
        </mxCell>
        <mxCell id="UzljgJzYifyvQvD2_R12-26" value="" style="endArrow=none;html=1;rounded=0;" edge="1" parent="1" source="UzljgJzYifyvQvD2_R12-6" target="UzljgJzYifyvQvD2_R12-8">
          <mxGeometry relative="1" as="geometry">
            <mxPoint x="820" y="760" as="sourcePoint" />
            <mxPoint x="980" y="760" as="targetPoint" />
          </mxGeometry>
        </mxCell>
        <mxCell id="UzljgJzYifyvQvD2_R12-27" value="" style="edgeStyle=entityRelationEdgeStyle;fontSize=12;html=1;endArrow=ERmandOne;startArrow=ERmandOne;rounded=0;" edge="1" parent="1" source="UzljgJzYifyvQvD2_R12-1" target="UzljgJzYifyvQvD2_R12-6">
          <mxGeometry width="100" height="100" relative="1" as="geometry">
            <mxPoint x="360" y="450" as="sourcePoint" />
            <mxPoint x="460" y="350" as="targetPoint" />
          </mxGeometry>
        </mxCell>
        <mxCell id="UzljgJzYifyvQvD2_R12-28" value="&lt;font style=&quot;font-size: 14px;&quot;&gt;make&lt;/font&gt;" style="shape=rhombus;perimeter=rhombusPerimeter;whiteSpace=wrap;html=1;align=center;fillColor=#f8cecc;strokeColor=#b85450;" vertex="1" parent="1">
          <mxGeometry x="140" y="300" width="100" height="30" as="geometry" />
        </mxCell>
        <mxCell id="UzljgJzYifyvQvD2_R12-29" value="" style="edgeStyle=entityRelationEdgeStyle;fontSize=12;html=1;endArrow=ERzeroToMany;endFill=1;rounded=0;exitX=0.5;exitY=1;exitDx=0;exitDy=0;" edge="1" parent="1" source="UzljgJzYifyvQvD2_R12-28" target="UzljgJzYifyvQvD2_R12-1">
          <mxGeometry width="100" height="100" relative="1" as="geometry">
            <mxPoint x="360" y="450" as="sourcePoint" />
            <mxPoint x="460" y="350" as="targetPoint" />
          </mxGeometry>
        </mxCell>
        <mxCell id="UzljgJzYifyvQvD2_R12-30" value="" style="edgeStyle=entityRelationEdgeStyle;fontSize=12;html=1;endArrow=ERoneToMany;rounded=0;exitX=0.5;exitY=0;exitDx=0;exitDy=0;" edge="1" parent="1" source="UzljgJzYifyvQvD2_R12-28" target="UzljgJzYifyvQvD2_R12-9">
          <mxGeometry width="100" height="100" relative="1" as="geometry">
            <mxPoint x="310" y="325" as="sourcePoint" />
            <mxPoint x="400" y="340" as="targetPoint" />
          </mxGeometry>
        </mxCell>
        <mxCell id="UzljgJzYifyvQvD2_R12-32" value="" style="edgeStyle=entityRelationEdgeStyle;fontSize=12;html=1;endArrow=ERmany;startArrow=ERmany;rounded=0;" edge="1" parent="1" source="UzljgJzYifyvQvD2_R12-9" target="UzljgJzYifyvQvD2_R12-13">
          <mxGeometry width="100" height="100" relative="1" as="geometry">
            <mxPoint x="270" y="380" as="sourcePoint" />
            <mxPoint x="370" y="280" as="targetPoint" />
          </mxGeometry>
        </mxCell>
        <mxCell id="UzljgJzYifyvQvD2_R12-33" value="" style="endArrow=none;html=1;rounded=0;" edge="1" parent="1" source="UzljgJzYifyvQvD2_R12-19" target="UzljgJzYifyvQvD2_R12-13">
          <mxGeometry relative="1" as="geometry">
            <mxPoint x="640" y="330" as="sourcePoint" />
            <mxPoint x="800" y="330" as="targetPoint" />
          </mxGeometry>
        </mxCell>
        <mxCell id="UzljgJzYifyvQvD2_R12-34" value="" style="endArrow=none;html=1;rounded=0;" edge="1" parent="1" source="UzljgJzYifyvQvD2_R12-20" target="UzljgJzYifyvQvD2_R12-13">
          <mxGeometry relative="1" as="geometry">
            <mxPoint x="640" y="330" as="sourcePoint" />
            <mxPoint x="800" y="330" as="targetPoint" />
          </mxGeometry>
        </mxCell>
        <mxCell id="UzljgJzYifyvQvD2_R12-35" value="&lt;font style=&quot;font-size: 14px;&quot;&gt;ID&lt;/font&gt;" style="ellipse;whiteSpace=wrap;html=1;align=center;fillColor=#dae8fc;strokeColor=#6c8ebf;" vertex="1" parent="1">
          <mxGeometry x="335" y="150" width="60" height="20" as="geometry" />
        </mxCell>
        <mxCell id="UzljgJzYifyvQvD2_R12-36" value="&lt;font style=&quot;font-size: 14px;&quot;&gt;Title&lt;/font&gt;" style="ellipse;whiteSpace=wrap;html=1;align=center;fillColor=#dae8fc;strokeColor=#6c8ebf;" vertex="1" parent="1">
          <mxGeometry x="405" y="150" width="70" height="20" as="geometry" />
        </mxCell>
        <mxCell id="UzljgJzYifyvQvD2_R12-37" value="" style="endArrow=none;html=1;rounded=0;" edge="1" parent="1" source="UzljgJzYifyvQvD2_R12-36" target="UzljgJzYifyvQvD2_R12-13">
          <mxGeometry relative="1" as="geometry">
            <mxPoint x="640" y="330" as="sourcePoint" />
            <mxPoint x="800" y="330" as="targetPoint" />
          </mxGeometry>
        </mxCell>
        <mxCell id="UzljgJzYifyvQvD2_R12-38" value="" style="endArrow=none;html=1;rounded=0;" edge="1" parent="1" source="UzljgJzYifyvQvD2_R12-35" target="UzljgJzYifyvQvD2_R12-13">
          <mxGeometry relative="1" as="geometry">
            <mxPoint x="640" y="330" as="sourcePoint" />
            <mxPoint x="500" y="230" as="targetPoint" />
          </mxGeometry>
        </mxCell>
        <mxCell id="UzljgJzYifyvQvD2_R12-39" value="" style="endArrow=none;html=1;rounded=0;" edge="1" parent="1" source="UzljgJzYifyvQvD2_R12-17" target="UzljgJzYifyvQvD2_R12-16">
          <mxGeometry relative="1" as="geometry">
            <mxPoint x="300" y="400" as="sourcePoint" />
            <mxPoint x="460" y="400" as="targetPoint" />
          </mxGeometry>
        </mxCell>
        <mxCell id="UzljgJzYifyvQvD2_R12-40" value="" style="endArrow=none;html=1;rounded=0;" edge="1" parent="1" source="UzljgJzYifyvQvD2_R12-16" target="UzljgJzYifyvQvD2_R12-18">
          <mxGeometry relative="1" as="geometry">
            <mxPoint x="300" y="400" as="sourcePoint" />
            <mxPoint x="460" y="400" as="targetPoint" />
          </mxGeometry>
        </mxCell>
        <mxCell id="UzljgJzYifyvQvD2_R12-46" value="&lt;font style=&quot;font-size: 14px;&quot;&gt;Title&lt;/font&gt;" style="ellipse;whiteSpace=wrap;html=1;align=center;fillColor=#dae8fc;strokeColor=#6c8ebf;" vertex="1" parent="1">
          <mxGeometry x="490" y="460" width="80" height="30" as="geometry" />
        </mxCell>
        <mxCell id="UzljgJzYifyvQvD2_R12-47" value="ID" style="ellipse;whiteSpace=wrap;html=1;align=center;fillColor=#dae8fc;strokeColor=#6c8ebf;" vertex="1" parent="1">
          <mxGeometry x="595" y="460" width="90" height="30" as="geometry" />
        </mxCell>
        <mxCell id="UzljgJzYifyvQvD2_R12-48" value="" style="endArrow=none;html=1;rounded=0;" edge="1" parent="1" source="UzljgJzYifyvQvD2_R12-11" target="UzljgJzYifyvQvD2_R12-46">
          <mxGeometry relative="1" as="geometry">
            <mxPoint x="545" y="485" as="sourcePoint" />
            <mxPoint x="705" y="485" as="targetPoint" />
          </mxGeometry>
        </mxCell>
        <mxCell id="UzljgJzYifyvQvD2_R12-49" value="" style="endArrow=none;html=1;rounded=0;" edge="1" parent="1" source="UzljgJzYifyvQvD2_R12-11" target="UzljgJzYifyvQvD2_R12-47">
          <mxGeometry relative="1" as="geometry">
            <mxPoint x="545" y="485" as="sourcePoint" />
            <mxPoint x="705" y="485" as="targetPoint" />
          </mxGeometry>
        </mxCell>
        <mxCell id="UzljgJzYifyvQvD2_R12-50" value="&lt;font style=&quot;font-size: 14px;&quot;&gt;Role&lt;/font&gt;" style="whiteSpace=wrap;html=1;align=center;fillColor=#ffe6cc;strokeColor=#d79b00;strokeWidth=2;" vertex="1" parent="1">
          <mxGeometry x="600" y="170" width="100" height="40" as="geometry" />
        </mxCell>
        <mxCell id="UzljgJzYifyvQvD2_R12-56" style="edgeStyle=orthogonalEdgeStyle;rounded=0;orthogonalLoop=1;jettySize=auto;html=1;exitX=0;exitY=0.5;exitDx=0;exitDy=0;" edge="1" parent="1" source="UzljgJzYifyvQvD2_R12-54" target="UzljgJzYifyvQvD2_R12-19">
          <mxGeometry relative="1" as="geometry" />
        </mxCell>
        <mxCell id="UzljgJzYifyvQvD2_R12-57" style="edgeStyle=orthogonalEdgeStyle;rounded=0;orthogonalLoop=1;jettySize=auto;html=1;exitX=1;exitY=0.5;exitDx=0;exitDy=0;" edge="1" parent="1" source="UzljgJzYifyvQvD2_R12-54" target="UzljgJzYifyvQvD2_R12-20">
          <mxGeometry relative="1" as="geometry" />
        </mxCell>
        <mxCell id="UzljgJzYifyvQvD2_R12-54" value="Record" style="shape=rhombus;perimeter=rhombusPerimeter;whiteSpace=wrap;html=1;align=center;fillColor=#f8cecc;strokeColor=#b85450;" vertex="1" parent="1">
          <mxGeometry x="340" y="335" width="110" height="40" as="geometry" />
        </mxCell>
        <mxCell id="UzljgJzYifyvQvD2_R12-59" value="" style="edgeStyle=entityRelationEdgeStyle;fontSize=12;html=1;endArrow=ERoneToMany;rounded=0;exitX=1;exitY=0;exitDx=0;exitDy=0;" edge="1" parent="1" source="UzljgJzYifyvQvD2_R12-13" target="UzljgJzYifyvQvD2_R12-50">
          <mxGeometry width="100" height="100" relative="1" as="geometry">
            <mxPoint x="490" y="220" as="sourcePoint" />
            <mxPoint x="580" y="340" as="targetPoint" />
          </mxGeometry>
        </mxCell>
        <mxCell id="UzljgJzYifyvQvD2_R12-66" value="Name" style="ellipse;whiteSpace=wrap;html=1;align=center;fillColor=#dae8fc;strokeColor=#6c8ebf;" vertex="1" parent="1">
          <mxGeometry x="730" y="30" width="80" height="30" as="geometry" />
        </mxCell>
        <mxCell id="UzljgJzYifyvQvD2_R12-67" value="Role ID" style="ellipse;whiteSpace=wrap;html=1;align=center;fillColor=#dae8fc;strokeColor=#6c8ebf;" vertex="1" parent="1">
          <mxGeometry x="630" y="30" width="80" height="30" as="geometry" />
        </mxCell>
        <mxCell id="UzljgJzYifyvQvD2_R12-68" value="" style="endArrow=none;html=1;rounded=0;" edge="1" parent="1" source="UzljgJzYifyvQvD2_R12-66" target="UzljgJzYifyvQvD2_R12-50">
          <mxGeometry relative="1" as="geometry">
            <mxPoint x="450" y="390" as="sourcePoint" />
            <mxPoint x="610" y="390" as="targetPoint" />
          </mxGeometry>
        </mxCell>
        <mxCell id="UzljgJzYifyvQvD2_R12-69" value="" style="endArrow=none;html=1;rounded=0;" edge="1" parent="1" source="UzljgJzYifyvQvD2_R12-67" target="UzljgJzYifyvQvD2_R12-50">
          <mxGeometry relative="1" as="geometry">
            <mxPoint x="450" y="390" as="sourcePoint" />
            <mxPoint x="610" y="390" as="targetPoint" />
          </mxGeometry>
        </mxCell>
        <mxCell id="UzljgJzYifyvQvD2_R12-70" value="" style="edgeStyle=entityRelationEdgeStyle;fontSize=12;html=1;endArrow=ERmany;rounded=0;exitX=0.5;exitY=0;exitDx=0;exitDy=0;" edge="1" parent="1" source="UzljgJzYifyvQvD2_R12-16" target="UzljgJzYifyvQvD2_R12-50">
          <mxGeometry width="100" height="100" relative="1" as="geometry">
            <mxPoint x="480" y="440" as="sourcePoint" />
            <mxPoint x="580" y="340" as="targetPoint" />
            <Array as="points">
              <mxPoint x="720" y="200" />
            </Array>
          </mxGeometry>
        </mxCell>
        <mxCell id="UzljgJzYifyvQvD2_R12-72" value="" style="edgeStyle=entityRelationEdgeStyle;fontSize=12;html=1;endArrow=ERoneToMany;rounded=0;entryX=1;entryY=0.5;entryDx=0;entryDy=0;exitX=0.5;exitY=1;exitDx=0;exitDy=0;" edge="1" parent="1" source="UzljgJzYifyvQvD2_R12-16" target="UzljgJzYifyvQvD2_R12-11">
          <mxGeometry width="100" height="100" relative="1" as="geometry">
            <mxPoint x="480" y="440" as="sourcePoint" />
            <mxPoint x="580" y="340" as="targetPoint" />
          </mxGeometry>
        </mxCell>
        <mxCell id="UzljgJzYifyvQvD2_R12-73" value="Includes" style="shape=rhombus;perimeter=rhombusPerimeter;whiteSpace=wrap;html=1;align=center;fillColor=#f8cecc;strokeColor=#b85450;" vertex="1" parent="1">
          <mxGeometry x="550" y="300" width="80" height="30" as="geometry" />
        </mxCell>
        <mxCell id="UzljgJzYifyvQvD2_R12-75" value="" style="edgeStyle=entityRelationEdgeStyle;fontSize=12;html=1;endArrow=ERoneToMany;rounded=0;exitX=0.5;exitY=0;exitDx=0;exitDy=0;entryX=1;entryY=1;entryDx=0;entryDy=0;" edge="1" parent="1" source="UzljgJzYifyvQvD2_R12-73" target="UzljgJzYifyvQvD2_R12-13">
          <mxGeometry width="100" height="100" relative="1" as="geometry">
            <mxPoint x="480" y="440" as="sourcePoint" />
            <mxPoint x="580" y="340" as="targetPoint" />
          </mxGeometry>
        </mxCell>
        <mxCell id="UzljgJzYifyvQvD2_R12-76" style="edgeStyle=orthogonalEdgeStyle;rounded=0;orthogonalLoop=1;jettySize=auto;html=1;exitX=0.5;exitY=1;exitDx=0;exitDy=0;" edge="1" parent="1" source="UzljgJzYifyvQvD2_R12-73" target="UzljgJzYifyvQvD2_R12-73">
          <mxGeometry relative="1" as="geometry" />
        </mxCell>
        <mxCell id="UzljgJzYifyvQvD2_R12-78" value="" style="edgeStyle=entityRelationEdgeStyle;fontSize=12;html=1;endArrow=ERone;endFill=1;rounded=0;exitX=0.5;exitY=1;exitDx=0;exitDy=0;entryX=0.5;entryY=0;entryDx=0;entryDy=0;" edge="1" parent="1" source="UzljgJzYifyvQvD2_R12-73" target="UzljgJzYifyvQvD2_R12-11">
          <mxGeometry width="100" height="100" relative="1" as="geometry">
            <mxPoint x="480" y="440" as="sourcePoint" />
            <mxPoint x="590" y="460" as="targetPoint" />
          </mxGeometry>
        </mxCell>
      </root>
    </mxGraphModel>
  </diagram>
</mxfile>
